{"train_accuracy": [6.781006828648563, 26.615848816896936, 41.99618866126727, 53.207876766714314, 61.632523423852625, 67.28600921073527, 71.78815308877243, 75.38510401778625, 78.49769731618231, 80.95124662537717, 82.48372240749563, 84.95315229474353, 86.73971732571066, 88.50246148959822, 89.7729077338415, 90.64633952675878, 92.44084484675243, 92.84579958710498, 93.72717166904876, 95.18024456090201, 95.25964745116721, 95.31522947435288, 95.41845323169763, 96.26012386850881, 96.9906304589487, 96.51421311735747, 96.9112275686835, 97.02239161505479, 96.80800381133872, 98.03874861044942, 98.12609178974114, 98.44370335080197, 98.0705097665555, 97.8720025408925, 97.58615213593774, 97.21295855169129, 96.99857074797522, 98.44370335080197, 98.80895664602191, 98.61838970938543, 97.44322693346038, 97.7211370493886, 97.95934572018422, 98.10227092266159, 97.57027155788471, 98.15785294584722, 98.55486739717327, 97.84024138478641, 98.42782277274893, 98.57868826425282, 98.53898681912021, 98.58662855327934, 98.64221057646499, 98.39606161664285, 99.2297919644275, 99.18215023026839, 98.69779259965063, 97.59409242496427, 97.47498808956647, 97.18913768461171], "val_accuracy": [15.8, 30.6, 46.0, 42.6, 65.8, 67.2, 72.8, 73.8, 77.8, 75.8, 80.6, 78.6, 79.0, 80.0, 78.8, 81.4, 83.4, 83.0, 84.0, 81.0, 82.0, 81.6, 86.4, 86.0, 84.8, 84.6, 84.6, 83.8, 86.0, 86.0, 85.0, 86.4, 87.0, 83.2, 85.0, 83.4, 82.6, 85.2, 87.8, 82.2, 83.4, 87.0, 87.2, 83.8, 85.4, 86.4, 83.8, 82.6, 87.4, 88.2, 85.0, 85.4, 86.2, 87.8, 88.4, 88.4, 83.4, 83.6, 85.0, 87.2]}