{"train_accuracy": [4.2718754962680645, 22.75686835000794, 37.120851198983644, 46.78418294425917, 53.5890106399873, 58.83754168651739, 63.577894235350165, 67.44481499126567, 71.27997459107512, 75.8297602032714, 78.02922026361759, 80.26044148006987, 83.88121327616325, 84.91345084961092, 87.08909004287756, 89.0344608543751, 88.93917738605685, 90.74162299507702, 91.05923455613785, 92.4329045577259, 91.03541368905829, 93.14753057011276, 92.71875496268063, 92.05177068445292, 92.17087501985071, 92.87756074321105, 94.60060346196602, 94.46561854851517, 94.402096236303, 94.22740987771955, 94.01302207400349, 93.48102270922661, 94.4417976814356, 93.81451484834048, 94.14800698745435, 95.59313959028108, 95.43433380975067, 95.47403525488328, 95.31522947435288, 95.72812450373193, 95.06908051453073, 95.37081149753851, 95.98221375258059, 95.28346831824679, 95.82340797205018, 94.4417976814356, 95.90281086231539, 95.59313959028108, 96.49833253930443, 95.74400508178498, 94.58472288391297, 95.9504525964745, 96.08543750992537, 96.60155629664919, 97.17325710655868, 95.942512307448, 96.40304907098619, 96.53803398443704, 96.5697951405431, 96.27600444656186], "val_accuracy": [14.2, 33.2, 47.0, 50.6, 56.0, 60.6, 65.2, 64.6, 64.6, 67.6, 67.0, 68.8, 69.4, 73.8, 72.0, 68.4, 74.8, 73.4, 70.4, 74.6, 74.2, 72.4, 73.0, 70.2, 73.8, 74.4, 73.4, 73.8, 73.8, 74.2, 73.0, 74.2, 71.6, 70.4, 74.2, 75.2, 71.4, 73.0, 75.4, 73.2, 73.2, 74.8, 77.0, 74.8, 72.4, 76.0, 75.8, 74.0, 74.6, 74.4, 73.6, 71.4, 79.4, 75.6, 77.2, 74.6, 75.8, 74.0, 73.8, 77.2]}